{ "frames": [
   {
    "filename": "Brute-001-rest 0.aseprite",
    "frame": { "x": 0, "y": 0, "w": 32, "h": 32 },
    "rotated": false,
    "trimmed": false,
    "spriteSourceSize": { "x": 0, "y": 0, "w": 32, "h": 32 },
    "sourceSize": { "w": 32, "h": 32 },
    "duration": 100
   },
   {
    "filename": "Brute-001-rest 1.aseprite",
    "frame": { "x": 32, "y": 0, "w": 32, "h": 32 },
    "rotated": false,
    "trimmed": false,
    "spriteSourceSize": { "x": 0, "y": 0, "w": 32, "h": 32 },
    "sourceSize": { "w": 32, "h": 32 },
    "duration": 100
   },
   {
    "filename": "Brute-001-rest 2.aseprite",
    "frame": { "x": 64, "y": 0, "w": 32, "h": 32 },
    "rotated": false,
    "trimmed": false,
    "spriteSourceSize": { "x": 0, "y": 0, "w": 32, "h": 32 },
    "sourceSize": { "w": 32, "h": 32 },
    "duration": 100
   },
   {
    "filename": "Brute-001-rest 3.aseprite",
    "frame": { "x": 96, "y": 0, "w": 32, "h": 32 },
    "rotated": false,
    "trimmed": false,
    "spriteSourceSize": { "x": 0, "y": 0, "w": 32, "h": 32 },
    "sourceSize": { "w": 32, "h": 32 },
    "duration": 100
   },
   {
    "filename": "Brute-001-rest 4.aseprite",
    "frame": { "x": 128, "y": 0, "w": 32, "h": 32 },
    "rotated": false,
    "trimmed": false,
    "spriteSourceSize": { "x": 0, "y": 0, "w": 32, "h": 32 },
    "sourceSize": { "w": 32, "h": 32 },
    "duration": 100
   },
   {
    "filename": "Brute-001-rest 5.aseprite",
    "frame": { "x": 160, "y": 0, "w": 32, "h": 32 },
    "rotated": false,
    "trimmed": false,
    "spriteSourceSize": { "x": 0, "y": 0, "w": 32, "h": 32 },
    "sourceSize": { "w": 32, "h": 32 },
    "duration": 100
   },
   {
    "filename": "Brute-001-rest 6.aseprite",
    "frame": { "x": 192, "y": 0, "w": 32, "h": 32 },
    "rotated": false,
    "trimmed": false,
    "spriteSourceSize": { "x": 0, "y": 0, "w": 32, "h": 32 },
    "sourceSize": { "w": 32, "h": 32 },
    "duration": 100
   },
   {
    "filename": "Brute-001-rest 7.aseprite",
    "frame": { "x": 224, "y": 0, "w": 32, "h": 32 },
    "rotated": false,
    "trimmed": false,
    "spriteSourceSize": { "x": 0, "y": 0, "w": 32, "h": 32 },
    "sourceSize": { "w": 32, "h": 32 },
    "duration": 100
   }
 ],
 "meta": {
  "app": "http://www.aseprite.org/",
  "version": "1.2.8",
  "image": "C:\\Users\\zero_\\Documents\\GitHub\\SquirrelAgileWars\\public\\assets\\Brute-001-rest.png",
  "format": "RGBA8888",
  "size": { "w": 256, "h": 32 },
  "scale": "1",
  "frameTags": [
   { "name": "Sides", "from": 0, "to": 7, "direction": "forward" },
   { "name": "WalkRight", "from": 8, "to": 15, "direction": "forward" },
   { "name": "WalkDownRight", "from": 16, "to": 23, "direction": "forward" },
   { "name": "WalkUpRight", "from": 24, "to": 31, "direction": "forward" },
   { "name": "WalkDown", "from": 32, "to": 39, "direction": "forward" },
   { "name": "WalkUp", "from": 40, "to": 47, "direction": "forward" },
   { "name": "WalkLeft", "from": 48, "to": 55, "direction": "forward" },
   { "name": "WalkDownLeft", "from": 56, "to": 63, "direction": "forward" },
   { "name": "WalkUpLeft", "from": 64, "to": 71, "direction": "forward" }
  ],
  "layers": [
   { "name": "Layer 1", "opacity": 255, "blendMode": "normal" }
  ],
  "slices": [
  ]
 }
}
