{ "frames": [
   {
    "filename": "Tiles.aseprite",
    "frame": { "x": 0, "y": 0, "w": 64, "h": 32 },
    "rotated": false,
    "trimmed": false,
    "spriteSourceSize": { "x": 0, "y": 0, "w": 64, "h": 32 },
    "sourceSize": { "w": 64, "h": 32 },
    "duration": 100
   }
 ],
 "meta": {
  "app": "http://www.aseprite.org/",
  "version": "1.2.8",
  "image": "C:\\Development\\SquirrelAgileWars\\public\\assets\\Tiles.png",
  "format": "RGBA8888",
  "size": { "w": 64, "h": 32 },
  "scale": "1",
  "frameTags": [
  ],
  "layers": [
   { "name": "Layer 1", "opacity": 255, "blendMode": "normal" }
  ],
  "slices": [
  ]
 }
}
